{
  "model": {
    "type": "minecraft:range_dispatch",
    "property": "minecraft:custom_model_data",
    "entries": [
      {
        "threshold": 0,
        "model": {
          "type": "minecraft:model",
          "model": "parkour:logos/descent"
        }
      },
      {
        "threshold": 1,
        "model": {
          "type": "minecraft:model",
          "model": "parkour:logos/sculking"
        }
      },
      {
        "threshold": 2,
        "model": {
          "type": "minecraft:model",
          "model": "parkour:logos/undertow"
        }
      },
      {
        "threshold": 3,
        "model": {
          "type": "minecraft:model",
          "model": "parkour:logos/frogger"
        }
      },
      {
        "threshold": 4,
        "model": {
          "type": "minecraft:model",
          "model": "parkour:logos/frozen_hell"
        }
      },
      {
        "threshold": 5,
        "model": {
          "type": "minecraft:model",
          "model": "parkour:logos/nightlife"
        }
      }
    ]
  }
}