{
	"credit": "Made with Blockbench",
	"textures": {
		"1": "block/pointed_dripstone_down_tip",
		"particle": "block/pointed_dripstone_down_tip"
	},
	"elements": [
		{
			"from": [2.9, 0, 8],
			"to": [13.1, 16, 8],
			"shade": false,
			"rotation": {"angle": 45, "axis": "y", "origin": [8, 8, 8], "rescale": true},
			"faces": {
				"north": {"uv": [0, 0, 16, 16], "texture": "#1"},
				"south": {"uv": [0, 0, 16, 16], "texture": "#1"}
			}
		},
		{
			"from": [8, 0, 2.925],
			"to": [8, 16, 13.075],
			"shade": false,
			"rotation": {"angle": 45, "axis": "y", "origin": [8, 8, 8], "rescale": true},
			"faces": {
				"east": {"uv": [0, 0, 16, 16], "texture": "#1"},
				"west": {"uv": [0, 0, 16, 16], "texture": "#1"}
			}
		}
	]
}