{"variants":{"":[
{"model":"block/custom_block/tinted_glass_1"},{"model":"block/custom_block/tinted_glass_2"},{"model":"block/custom_block/tinted_glass_3"},{"model":"block/custom_block/tinted_glass_4"},{"model":"block/custom_block/tinted_glass_5"},{"model":"block/custom_block/tinted_glass_6"},{"model":"block/custom_block/tinted_glass_7"},{"model":"block/custom_block/tinted_glass_8"},{"model":"block/custom_block/tinted_glass_9"},{"model":"block/custom_block/tinted_glass_10"},{"model":"block/custom_block/tinted_glass_11"},{"model":"block/custom_block/tinted_glass_12"},{"model":"block/custom_block/tinted_glass_13"},{"model":"block/custom_block/tinted_glass_14"},{"model":"block/custom_block/tinted_glass_15"},{"model":"block/custom_block/tinted_glass_16"},
{"model":"block/custom_block/tinted_glass_17"},
{"model":"block/custom_block/tinted_glass_18"}
]}}